{"cameraMode":{"drawMode":0,"name":"Shaded","section":"Shading Mode"},"sceneLighting":false,"audioPlay":false,"sceneViewState":{"m_AlwaysRefresh":false,"showFog":true,"showSkybox":false,"showFlares":true,"showImageEffects":true,"showParticleSystems":true,"showVisualEffectGraphs":true,"m_FxEnabled":false},"in2DMode":false,"pivot":{"x":0.046625375747680667,"y":2.013611078262329,"z":0.04700148105621338},"rotation":{"x":0.016417939215898515,"y":-0.978282630443573,"z":0.1886512041091919,"w":0.08517537266016007},"size":1.8824611902236939,"orthographic":false}