{"cameraMode":{"drawMode":0,"name":"Shaded","section":"Shading Mode"},"sceneLighting":false,"audioPlay":false,"sceneViewState":{"m_AlwaysRefresh":false,"showFog":true,"showSkybox":false,"showFlares":true,"showImageEffects":true,"showParticleSystems":true,"showVisualEffectGraphs":true,"m_FxEnabled":false},"in2DMode":false,"pivot":{"x":-0.25106120109558108,"y":0.5555926561355591,"z":-0.21373103559017182},"rotation":{"x":0.19992795586585999,"y":-0.6780310869216919,"z":0.19975414872169496,"w":0.6786400079727173},"size":1.781050682067871,"orthographic":false}